Species,Total_count,Relative_Abundance,Tow
Obelia_sp,894,0.2146458583,700
Carcinus_maenas,847,0.2033613445,700
Evadne_nordmanni,594,0.1426170468,700
Calanus_sp,466,0.1118847539,700
Centropages_sp,627,0.1505402161,700
Acartia_sp,217,0.05210084034,700
Paracalanus_sp,175,0.04201680672,700
Gammarus_sp,124,0.02977190876,700
Pseudocalanus_sp,124,0.02977190876,700
Podon_polyphemoides,97,0.02328931573,700