Species,Total_Count,Relative_Abundance,Tow
Centropages_sp,351995,0.4131212458,200
Acartia_sp,157513,0.1848661679,200
Evadne_nordmanni,77361,0.09079524622,200
Paracalanus_sp,66333,0.07785216152,200
Temora_longicornis,60044,0.07047103533,200
Oithona_sp,49402,0.05798098207,200
Podon_polyphemoides,32736,0.03842082161,200
Pseudocalanus_sp,32384,0.03800769449,200
Copepod_nauplii,17873,0.02097676395,200
Calanus_sp,6397,0.007507881104,200